Id,Label,timeset,topgenre,componentnumber,modularity_class
24,Ivana Baquero,,Drama,1,0
25,Ariadna Gil,,Drama,1,0
26,Sergi Lopez,,Drama,1,0
27,Maribel Verdu,,Drama,1,0
28,Gerardo Taracena,,Action,2,1
29,Raoul Max Trujillo,,Action,2,1
30,Dalia Hernandez,,Action,2,1
31,Rudy Youngblood,,Action,2,1
55,Ulrich Muhe,,Drama,3,2
56,Martina Gedeck,,Drama,3,2
57,Sebastian Koch,,Drama,3,2
58,Ulrich Tukur,,Drama,3,2
133,Lee Pace,,Adventure,4,3
134,Catinca Untaru,,Adventure,4,3
135,Justine Waddell,,Adventure,4,3
136,Kim Uylenbroek,,Adventure,4,3
165,John Francis Daley,,Comedy,5,4
166,Austin Pendleton,,Comedy,5,4
167,Colleen Camp,,Comedy,5,4
168,Neil Flynn,,Comedy,5,4
178,Reiko Aylesworth,,Action,6,5
179,Steven Pasquale,,Action,6,5
180,Shareeka Epps,,Action,6,5
181,John Ortiz,,Action,6,5
13,Lena Headey,,Action,0,6
43,Channing Tatum,,Comedy,0,6
44,Jenna Dewan Tatum,,Drama,0,6
45,Damaine Radcliff,,Crime,0,6
46,De'Shawn Washington,,Crime,0,6
79,Amanda Bynes,,Comedy,0,6
80,Laura Ramsey,,Comedy,0,6
81,Vinnie Jones,,Comedy,0,6
84,Famke Janssen,,Action,0,6
85,Kang-ho Song,,Drama,0,6
86,Hee-Bong Byun,,Comedy,0,6
87,Hae-il Park,,Comedy,0,6
88,Doona Bae,,Comedy,0,6
116,Christopher Plummer,,Drama,0,6
117,Sylvester Stallone,,Action,0,6
118,Antonio Tarver,,Drama,0,6
119,Milo Ventimiglia,,Drama,0,6
120,Burt Young,,Drama,0,6
121,Ted Levine,,Horror,0,6
122,Kathleen Quinlan,,Horror,0,6
123,Dan Byrd,,Horror,0,6
124,Emilie de Ravin,,Horror,0,6
170,Tommy Lee Jones,,Action,0,6
212,Charlie Cox,,Adventure,0,6
213,Claire Danes,,Adventure,0,6
214,Sienna Miller,,Drama,0,6
255,Michelle Yeoh,,Adventure,0,6
338,Heath Ledger,,Action,0,6
343,Kristen Stewart,,Drama,0,6
344,Robert Pattinson,,Drama,0,6
345,Billy Burke,,Drama,0,6
346,Sarah Clarke,,Drama,0,6
369,Liam Neeson,,Action,0,6
370,Maggie Grace,,Action,0,6
371,Leland Orser,,Action,0,6
425,Brendan Fraser,,Action,0,6
426,Jet Li,,Action,0,6
427,Maria Bello,,Action,0,6
462,Julie Benz,,Action,0,6
463,Matthew Marsden,,Action,0,6
464,Graham McTavish,,Action,0,6
465,Bradley Cooper,,Drama,0,6
466,Leslie Bibb,,Horror,0,6
467,Brooke Shields,,Horror,0,6
468,Jason Statham,,Action,0,6
484,Sigourney Weaver,,Action,0,6
485,Michelle Rodriguez,,Action,0,6
491,Carla Gugino,,Action,0,6
507,Vin Diesel,,Action,0,6
508,Paul Walker,,Action,0,6
509,Jordana Brewster,,Action,0,6
530,Jamie Foxx,,Drama,0,6
531,Colm Meaney,,Crime,0,6
532,Edward Asner,,Animation,0,6
533,Jordan Nagai,,Animation,0,6
534,John Ratzenberger,,Animation,0,6
558,Jason Clarke,,Drama,0,6
572,Lily Cole,,Adventure,0,6
573,Andrew Garfield,,Adventure,0,6
658,Penn Badgley,,Comedy,0,6
664,Dolph Lundgren,,Action,0,6
691,Dwayne Johnson,,Action,0,6
692,Billy Bob Thornton,,Crime,0,6
693,Mauricio Lopez,,Action,0,6
713,Caitlyn Rund,,Drama,0,6
714,Moises Acevedo,,Drama,0,6
724,Taylor Lautner,,Adventure,0,6
725,Xavier Samuel,,Drama,0,6
732,Milla Jovovich,,Action,0,6
733,Ali Larter,,Action,0,6
734,Wentworth Miller,,Action,0,6
735,Kim Coates,,Action,0,6
766,Teresa Palmer,,Drama,0,6
767,Brooklyn Decker,,Comedy,0,6
801,January Jones,,Action,0,6
802,Aidan Quinn,,Action,0,6
808,Alexander Skarsgard,,Action,0,6
818,Gil Birmingham,,Drama,0,6
831,Antonio Banderas,,Thriller,0,6
832,Elena Anaya,,Drama,0,6
833,Jan Cornet,,Drama,0,6
834,Marisa Paredes,,Drama,0,6
843,Christoph Waltz,,Drama,0,6
844,Kerry Washington,,Drama,0,6
845,Liam Hemsworth,,Adventure,0,6
850,Rihanna,,Adventure,0,6
864,Peter Facinelli,,Adventure,0,6
865,Rhys Ifans,,Action,0,6
866,Irrfan Khan,,Adventure,0,6
873,Karl Urban,,Action,0,6
874,Olivia Thirlby,,Action,0,6
875,Rachel Wood,,Action,0,6
910,Dylan O'Brien,,Action,0,6
911,Britt Robertson,,Drama,0,6
912,Victoria Justice,,Comedy,0,6
913,James Frecheville,,Drama,0,6
914,Sienna Guillory,,Action,0,6
915,Aryana Engineer,,Action,0,6
916,Suraj Sharma,,Adventure,0,6
917,Adil Hussain,,Adventure,0,6
918,Tabu,,Adventure,0,6
933,Randy Couture,,Action,0,6
934,Jean-Claude Van Damme,,Action,0,6
968,Maggie Gyllenhaal,,Action,0,6
1013,Tony Shalhoub,,Crime,0,6
1016,Arnold Schwarzenegger,,Action,0,6
1017,50 Cent,,Action,0,6
1018,Vincent D'Onofrio,,Action,0,6
1025,Alexandra Daddario,,Adventure,0,6
1026,Karen Gillan,,Horror,0,6
1027,Brenton Thwaites,,Horror,0,6
1028,Katee Sackhoff,,Horror,0,6
1029,Rory Cochrane,,Horror,0,6
1030,Max Burkholder,,Horror,0,6
1031,Adelaide Kane,,Horror,0,6
1053,John Malkovich,,Comedy,0,6
1054,Analeigh Tipton,,Horror,0,6
1064,Jordi Molla,,Action,0,6
1065,Forest Whitaker,,Drama,0,6
1076,Tania Raymonde,,Horror,0,6
1077,Scott Eastwood,,Horror,0,6
1078,Trey Songz,,Horror,0,6
1079,Adrianne Palicki,,Action,0,6
1080,Byung-hun Lee,,Action,0,6
1091,Jai Courtney,,Adventure,0,6
1105,Maika Monroe,,Horror,0,6
1106,Keir Gilchrist,,Horror,0,6
1107,Olivia Luccardi,,Horror,0,6
1108,Lili Sepe,,Horror,0,6
1112,Tyler James Williams,,Comedy,0,6
1113,Tessa Thompson,,Comedy,0,6
1114,Kyle Gallner,,Drama,0,6
1115,Teyonah Parris,,Comedy,0,6
1118,David Harbour,,Crime,0,6
1124,Cole Konis,,Action,0,6
1139,Kaya Scodelario,,Action,0,6
1140,Will Poulter,,Action,0,6
1141,Thomas Brodie-Sangster,,Action,0,6
1150,Sullivan Stapleton,,Action,0,6
1151,Hans Matheson,,Action,0,6
1152,Jessica Alba,,Action,0,6
1205,Dan Stevens,,Drama,0,6
1206,Sheila Kelley,,Thriller,0,6
1207,Joel David Moore,,Thriller,0,6
1213,Boyd Holbrook,,Crime,0,6
1228,Michael B. Jordan,,Comedy,0,6
1260,Hugh Laurie,,Action,0,6
1261,Raffey Cassidy,,Action,0,6
1268,Lily James,,Drama,0,6
1276,Colton Haynes,,Action,0,6
1298,Phylicia Rashad,,Drama,0,6
1316,Jack Huston,,Drama,0,6
1327,Rodrigo Santoro,,Drama,0,6
1329,Giancarlo Esposito,,Action,0,6
1333,Joe Manganiello,,Comedy,0,6
1334,Matt Bomer,,Comedy,0,6
1335,Adam Rodriguez,,Comedy,0,6
1341,Jennifer Lopez,,Mystery,0,6
1342,Ryan Guzman,,Mystery,0,6
1343,Kristin Chenoweth,,Mystery,0,6
1344,John Corbett,,Mystery,0,6
1358,Riccardo Scamarcio,,Comedy,0,6
1360,Nicholas Hope,,Drama,0,6
1361,Sam Neill,,Drama,0,6
1392,Jim Parsons,,Animation,0,6
1393,Steve Martin,,Animation,0,6
1400,Vernetta Lopez,,Drama,0,6
1401,Scott Lawrence,,Drama,0,6
1438,Auli'i Cravalho,,Animation,0,6
1439,Rachel House,,Adventure,0,6
1440,Temuera Morrison,,Animation,0,6
1451,Jeff Goldblum,,Action,0,6
1452,Bill Pullman,,Action,0,6
1465,Iain Glen,,Action,0,6
1466,Shawn Roberts,,Action,0,6
1488,Tadanobu Asano,,Adventure,0,6
1503,Lewis MacDougall,,Drama,0,6
1504,Toby Kebbell,,Drama,0,6
1516,Angourie Rice,,Action,0,6
1525,Lars Eidinger,,Drama,0,6
1526,Sigrid Bouaziz,,Drama,0,6
1527,Anders Danielsen Lie,,Drama,0,6
1534,Rory J. Saper,,Action,0,6
1535,Christian Stevens,,Action,0,6
1641,Gabriel Bateman,,Horror,0,6
1652,Tyler Hoechlin,,Comedy,0,6
1659,Yoo Gong,,Action,0,6
1660,Soo-an Kim,,Action,0,6
1661,Yu-mi Jung,,Action,0,6
1662,Dong-seok Ma,,Action,0,6
1663,Lois van Wijk,,Drama,0,6
1664,Benjamin Walker,,Drama,0,6
1693,Nazanin Boniadi,,Action,0,6
1719,Sam Riley,,Action,0,6
1720,Bella Heathcote,,Action,0,6
1736,Julian Dennison,,Adventure,0,6
1737,Rima Te Wiata,,Adventure,0,6
1791,Dave Bautista,,Action,0,6
1792,Alain Moussi,,Action,0,6
1793,Gina Carano,,Action,0,6
1817,Sofia Black-D'Elia,,Drama,0,6
1818,Travis Tope,,Drama,0,6
1819,Michael Kelly,,Drama,0,6
1832,Ji-min Han,,Action,0,6
1855,Eddie Murphy,,Comedy,0,6
1856,Natascha McElhone,,Comedy,0,6
1879,Anthony LaPaglia,,Action,0,6
1892,Ben Winchell,,Action,0,6
1893,Josh Brener,,Action,0,6
1894,Andy Garcia,,Action,0,6
1913,Mark Chao,,Action,0,6
1914,Ni Ni,,Action,0,6
1972,Nia Vardalos,,Comedy,0,6
1973,Michael Constantine,,Comedy,0,6
1974,Lainie Kazan,,Comedy,0,6
218,Lauren Birkell,,Drama,7,7
219,Paul Borghese,,Drama,7,7
220,Chira Cassel,,Drama,7,7
221,Anthony Cirillo,,Drama,7,7
229,Brad Garrett,,Animation,8,8
230,Lou Romano,,Animation,8,8
231,Patton Oswalt,,Animation,8,8
232,Ian Holm,,Animation,8,8
316,William Atherton,,Crime,9,9
317,Blythe Auffarth,,Crime,9,9
318,Blanche Baker,,Crime,9,9
319,Kevin Chamberlin,,Crime,9,9
330,Darsheel Safary,,Drama,10,10
331,Aamir Khan,,Drama,10,10
332,Tanay Chheda,,Drama,10,10
333,Sachet Engineer,,Drama,10,10
513,Madhavan,,Comedy,10,10
514,Mona Singh,,Comedy,10,10
515,Sharman Joshi,,Comedy,10,10
1208,Anushka Sharma,,Comedy,10,10
1209,Sanjay Dutt,,Comedy,10,10
1210,Boman Irani,,Comedy,10,10
1544,Sakshi Tanwar,,Action,10,10
1545,Fatima Sana Shaikh,,Action,10,10
1546,Sanya Malhotra,,Action,10,10
334,Lauren German,,Horror,11,11
335,Heather Matarazzo,,Horror,11,11
336,Bijou Phillips,,Horror,11,11
337,Roger Bart,,Horror,11,11
0,Christian Bale,,Drama,0,12
1,Hugh Jackman,,Drama,0,12
2,Scarlett Johansson,,Drama,0,12
3,Michael Caine,,Drama,0,12
4,Johnny Depp,,Fantasy,0,12
5,Orlando Bloom,,Action,0,12
6,Keira Knightley,,Drama,0,12
7,Jack Davenport,,Action,0,12
11,Mark Wahlberg,,Drama,0,12
14,David Wenham,,Action,0,12
15,Dominic West,,Action,0,12
16,Daniel Craig,,Adventure,0,12
17,Eva Green,,Action,0,12
18,Judi Dench,,Adventure,0,12
19,Jeffrey Wright,,Mystery,0,12
32,Julianne Moore,,Drama,0,12
33,Clive Owen,,Drama,0,12
34,Chiwetel Ejiofor,,Drama,0,12
59,Russell Crowe,,Drama,0,12
61,Albert Finney,,Comedy,0,12
62,Marion Cotillard,,Drama,0,12
63,Denzel Washington,,Action,0,12
64,Paula Patton,,Action,0,12
65,Jim Caviezel,,Action,0,12
66,Val Kilmer,,Action,0,12
82,Patrick Stewart,,Action,0,12
90,Thandie Newton,,Drama,0,12
91,Jaden Smith,,Drama,0,12
92,Brian Howe,,Biography,0,12
96,Elijah Wood,,Animation,0,12
97,Brittany Murphy,,Animation,0,12
98,Robin Williams,,Comedy,0,12
99,Edward Norton,,Drama,0,12
100,Jessica Biel,,Drama,0,12
101,Paul Giamatti,,Drama,0,12
102,Rufus Sewell,,Drama,0,12
106,Ian McKellen,,Adventure,0,12
109,Rachel Weisz,,Drama,0,12
110,Sean Patrick Thomas,,Drama,0,12
111,Ellen Burstyn,,Drama,0,12
112,Steve Zahn,,Biography,0,12
113,Jeremy Davies,,Adventure,0,12
114,Zach Grenier,,Adventure,0,12
115,Jodie Foster,,Drama,0,12
128,Philip Seymour Hoffman,,Action,0,12
129,Brad Pitt,,Drama,0,12
130,Cate Blanchett,,Drama,0,12
131,Gael Garcia Bernal,,Drama,0,12
132,Mohamed Akhzam,,Drama,0,12
137,Samuel L. Jackson,,Action,0,12
138,Julianna Margulies,,Action,0,12
139,Nathan Phillips,,Action,0,12
140,Rachel Blanchard,,Action,0,12
154,John C. Reilly,,Comedy,0,12
161,Laura Dern,,Drama,0,12
162,Jeremy Irons,,Drama,0,12
163,Justin Theroux,,Drama,0,12
164,Karolina Gruszka,,Drama,0,12
169,Geoffrey Rush,,Drama,0,12
171,Javier Bardem,,Drama,0,12
172,Josh Brolin,,Drama,0,12
184,Martin Freeman,,Comedy,0,12
186,Emile Hirsch,,Drama,0,12
197,Kurt Russell,,Thriller,0,12
198,Zoe Bell,,Thriller,0,12
199,Rosario Dawson,,Thriller,0,12
200,Vanessa Ferlito,,Thriller,0,12
206,Emma Watson,,Adventure,0,12
215,James McAvoy,,Drama,0,12
216,Brenda Blethyn,,Drama,0,12
217,Saoirse Ronan,,Drama,0,12
245,Amy Adams,,Drama,0,12
252,Cillian Murphy,,Thriller,0,12
256,Casey Affleck,,Drama,0,12
257,Sam Shepard,,Biography,0,12
258,Mary-Louise Parker,,Crime,0,12
263,Helena Bonham Carter,,Fantasy,0,12
264,Timothy Spall,,Drama,0,12
266,Viggo Mortensen,,Drama,0,12
269,Ed Harris,,Drama,0,12
276,Tim Roth,,Action,0,12
277,Michael Pitt,,Drama,0,12
278,Brady Corbet,,Crime,0,12
283,Ryan Gosling,,Drama,0,12
285,Rosamund Pike,,Crime,0,12
290,Kevin Costner,,Drama,0,12
291,Demi Moore,,Crime,0,12
292,William Hurt,,Crime,0,12
293,Dane Cook,,Crime,0,12
298,John Cusack,,Fantasy,0,12
299,Mary McCormack,,Fantasy,0,12
300,Paul Birchard,,Fantasy,0,12
301,Rose McGowan,,Action,0,12
302,Danny Trejo,,Action,0,12
308,Freddy Rodriguez,,Action,0,12
309,Marley Shelton,,Action,0,12
310,George Clooney,,Drama,0,12
311,Michael Mantell,,Crime,0,12
312,Josh Hutcherson,,Adventure,0,12
313,AnnaSophia Robb,,Adventure,0,12
314,Zooey Deschanel,,Adventure,0,12
315,Robert Patrick,,Drama,0,12
320,Nicole Kidman,,Drama,0,12
321,Dakota Blue Richards,,Adventure,0,12
322,Ben Walker,,Adventure,0,12
341,Amanda Seyfried,,Comedy,0,12
350,Jeff Bridges,,Adventure,0,12
353,Emma Stone,,Comedy,0,12
355,Tom Wilkinson,,Action,0,12
358,Richard Jenkins,,Drama,0,12
359,Dev Patel,,Drama,0,12
360,Freida Pinto,,Drama,0,12
361,Saurabh Shukla,,Drama,0,12
362,Anil Kapoor,,Drama,0,12
365,Tom Hardy,,Drama,0,12
366,Kelly Adams,,Action,0,12
367,Luing Andrews,,Action,0,12
368,Katy Barker,,Action,0,12
372,Tilda Swinton,,Drama,0,12
373,Julia Ormond,,Drama,0,12
379,Mila Kunis,,Comedy,0,12
384,Asa Butterfield,,Drama,0,12
385,David Thewlis,,Drama,0,12
386,Rupert Friend,,Drama,0,12
387,Zac Mattoon O'Brien,,Drama,0,12
388,John Leguizamo,,Sci-Fi,0,12
389,Ashlyn Sanchez,,Sci-Fi,0,12
415,Hayden Christensen,,Action,0,12
416,Jamie Bell,,Action,0,12
417,Rachel Bilson,,Action,0,12
418,Shea Adams,,Adventure,0,12
419,Eddie Baroo,,Adventure,0,12
433,Olga Kurylenko,,Action,0,12
434,Mathieu Amalric,,Adventure,0,12
435,Charlize Theron,,Drama,0,12
458,Sarah Jessica Parker,,Comedy,0,12
459,Kim Cattrall,,Comedy,0,12
460,Cynthia Nixon,,Drama,0,12
461,Kristin Davis,,Comedy,0,12
470,Eric Bana,,Drama,0,12
479,Diane Kruger,,Drama,0,12
480,Eli Roth,,Adventure,0,12
481,Melanie Laurent,,Adventure,0,12
482,Sam Worthington,,Action,0,12
483,Zoe Saldana,,Adventure,0,12
486,Chris Pine,,Action,0,12
487,Zachary Quinto,,Action,0,12
488,Leonard Nimoy,,Action,0,12
510,Adam Brody,,Comedy,0,12
511,Johnny Simmons,,Comedy,0,12
521,Ben Foster,,Action,0,12
522,Antje Traue,,Action,0,12
524,Sharlto Copley,,Action,0,12
525,David James,,Action,0,12
526,Jason Cope,,Action,0,12
527,Nathalie Boltt,,Action,0,12
528,Amanda Peet,,Action,0,12
535,Jared Leto,,Drama,0,12
536,Sarah Polley,,Drama,0,12
537,Linh Dan Pham,,Drama,0,12
539,Geoffrey Arend,,Comedy,0,12
540,Chloe Grace Moretz,,Drama,0,12
541,Michael Nyqvist,,Thriller,0,12
542,Noomi Rapace,,Drama,0,12
543,Ewa Froling,,Drama,0,12
544,Lena Endre,,Drama,0,12
557,Christian Stolte,,Biography,0,12
565,Kodi Smit-McPhee,,Drama,0,12
566,Robert Duvall,,Drama,0,12
574,Marlon Wayans,,Action,0,12
575,Adewale Akinnuoye-Agbaje,,Action,0,12
576,Anika Noni Rose,,Animation,0,12
577,Keith David,,Animation,0,12
578,Oprah Winfrey,,Animation,0,12
579,Bruno Campos,,Animation,0,12
580,Anton Yelchin,,Action,0,12
581,Moon Bloodgood,,Action,0,12
596,Gabourey Sidibe,,Drama,0,12
597,Mo'Nique,,Drama,0,12
598,Mariah Carey,,Drama,0,12
611,Emily Mortimer,,Mystery,0,12
612,Zachary Gordon,,Comedy,0,12
613,Robert Capron,,Comedy,0,12
614,Rachael Harris,,Comedy,0,12
620,Adrien Brody,,Adventure,0,12
622,Logan Lerman,,Adventure,0,12
623,Kevin McKidd,,Adventure,0,12
624,Steve Coogan,,Adventure,0,12
625,Brandon T. Jackson,,Adventure,0,12
626,Vincent Cassel,,Drama,0,12
627,Winona Ryder,,Drama,0,12
630,Justin Timberlake,,Comedy,0,12
631,Rooney Mara,,Drama,0,12
632,Matthew Macfadyen,,Action,0,12
633,Max von Sydow,,Action,0,12
643,Michelle Williams,,Drama,0,12
644,John Doman,,Drama,0,12
645,Faith Wladyka,,Drama,0,12
650,Daniel Olbrychski,,Action,0,12
656,Ray Stevenson,,Action,0,12
657,Gary Oldman,,Drama,0,12
659,Liana Liberato,,Drama,0,12
665,Ralph Fiennes,,Adventure,0,12
666,Jason Flemyng,,Action,0,12
667,Garrett Hedlund,,Adventure,0,12
668,Olivia Wilde,,Action,0,12
669,Bruce Boxleitner,,Action,0,12
672,Noah Ringer,,Action,0,12
673,Nicola Peltz,,Action,0,12
674,Jackson Rathbone,,Action,0,12
675,Cara Buono,,Drama,0,12
685,Colin Firth,,Drama,0,12
686,Derek Jacobi,,Biography,0,12
698,Salma Hayek,,Comedy,0,12
701,Jackie Chan,,Action,0,12
702,Taraji P. Henson,,Drama,0,12
703,Wenwen Han,,Action,0,12
705,Melissa Leo,,Drama,0,12
712,Ethan Suplee,,Action,0,12
720,Michael Fassbender,,Drama,0,12
721,Andreas Wisniewski,,Action,0,12
737,Viola Davis,,Drama,0,12
738,Octavia Spencer,,Drama,0,12
739,Chris Hemsworth,,Action,0,12
741,Carey Mulligan,,Drama,0,12
754,Andy Serkis,,Action,0,12
755,Karin Konoval,,Action,0,12
756,Emily Browning,,Drama,0,12
761,James Badge Dale,,Action,0,12
762,Lucy Walters,,Drama,0,12
763,Vicky Krieps,,Action,0,12
764,Alex Pettyfer,,Drama,0,12
768,Jared Harris,,Action,0,12
786,Rachael Blake,,Drama,0,12
787,Ewen Leslie,,Drama,0,12
788,Bridgette Barrett,,Drama,0,12
790,Ezra Miller,,Drama,0,12
791,Jasper Newell,,Drama,0,12
795,Patricia Clarkson,,Romance,0,12
796,Jenna Elfman,,Comedy,0,12
798,Christopher Lee,,Adventure,0,12
807,Kiefer Sutherland,,Drama,0,12
809,Devon Bostick,,Comedy,0,12
810,Tom Mison,,Drama,0,12
813,Sean Penn,,Drama,0,12
815,Hunter McCracken,,Drama,0,12
824,Shailene Woodley,,Drama,0,12
825,Amara Miller,,Comedy,0,12
826,Nick Krause,,Comedy,0,12
846,Stanley Tucci,,Adventure,0,12
852,Naomie Harris,,Action,0,12
853,Richard Armitage,,Adventure,0,12
859,Kristen Connolly,,Horror,0,12
860,Anna Hutchison,,Horror,0,12
861,Fran Kranz,,Horror,0,12
886,Werner Herzog,,Action,0,12
887,Ethan Hawke,,Drama,0,12
888,Juliet Rylance,,Horror,0,12
889,James Ransone,,Horror,0,12
890,Fred Dalton Thompson,,Horror,0,12
891,Jack McBrayer,,Animation,0,12
892,Jane Lynch,,Animation,0,12
893,Sarah Silverman,,Comedy,0,12
894,Sam Claflin,,Drama,0,12
898,Kelly Macdonald,,Animation,0,12
899,Billy Connolly,,Animation,0,12
900,Emma Thompson,,Comedy,0,12
901,Julie Walters,,Animation,0,12
919,Seth MacFarlane,,Comedy,0,12
920,Joel McHale,,Comedy,0,12
921,Reese Witherspoon,,Comedy,0,12
922,Til Schweiger,,Action,0,12
923,Mandy Gonzalez,,Action,0,12
927,Isabel Lucas,,Action,0,12
928,Josh Peck,,Action,0,12
935,Joaquin Phoenix,,Drama,0,12
936,Jesse Plemons,,Drama,0,12
944,Margot Robbie,,Comedy,0,12
945,Michael Kenneth Williams,,Biography,0,12
953,Max Irons,,Action,0,12
954,Jake Abel,,Action,0,12
958,Andrea Riseborough,,Comedy,0,12
962,Lea Seydoux,,Drama,0,12
963,Adele Exarchopoulos,,Drama,0,12
964,Salim Kechiouche,,Drama,0,12
965,Aurelien Recoing,,Drama,0,12
966,Daniel Bruhl,,Drama,0,12
967,Alexandra Maria Lara,,Action,0,12
969,Domhnall Gleeson,,Drama,0,12
971,Benedict Cumberbatch,,Action,0,12
972,Will Yun Lee,,Action,0,12
973,Tao Okamoto,,Action,0,12
974,Rila Fukushima,,Action,0,12
978,Mireille Enos,,Action,0,12
979,Daniella Kertesz,,Action,0,12
980,Eddie Marsan,,Comedy,0,12
981,Imogen Poots,,Crime,0,12
983,Gabriella Wilde,,Drama,0,12
984,Portia Doubleday,,Drama,0,12
986,Sarah Gadon,,Mystery,0,12
987,Isabella Rossellini,,Mystery,0,12
990,Jeremy McWilliams,,Drama,0,12
991,Lynsey Taylor Mackay,,Drama,0,12
992,Dougie McConnell,,Drama,0,12
994,Orto Ignatiussen,,Drama,0,12
995,Ken Stott,,Adventure,0,12
996,Joseph Mawle,,Drama,0,12
1004,Giovanni Ribisi,,Action,0,12
1005,Alice Englert,,Drama,0,12
1006,Alden Ehrenreich,,Drama,0,12
1007,Tony Danza,,Comedy,0,12
1014,Alessandro Nivola,,Biography,0,12
1015,James Hamrick,,Biography,0,12
1019,Lily Collins,,Comedy,0,12
1020,Jamie Campbell Bower,,Action,0,12
1021,Robert Sheehan,,Action,0,12
1022,Jemima West,,Action,0,12
1023,Jim Broadbent,,Drama,0,12
1038,Jennifer Jason Leigh,,Drama,0,12
1042,Sylvia Hoeks,,Crime,0,12
1047,Olivia Colman,,Drama,0,12
1049,Andrew Scott,,Drama,0,12
1052,Nicholas Hoult,,Action,0,12
1055,Sally Hawkins,,Drama,0,12
1056,Annie Rose Buckley,,Biography,0,12
1066,Jane Fonda,,Drama,0,12
1067,David Denman,,Action,0,12
1068,Sophie Okonedo,,Action,0,12
1073,Danny Sapani,,Crime,0,12
1074,Armie Hammer,,Action,0,12
1084,Taron Egerton,,Comedy,0,12
1085,Neil Patrick Harris,,Crime,0,12
1087,Alicia Vikander,,Drama,0,12
1088,Oscar Isaac,,Drama,0,12
1089,Sonoya Mizuno,,Drama,0,12
1092,Jack Reynor,,Action,0,12
1096,Chris Isaak,,Drama,0,12
1097,C.H. Evans,,Drama,0,12
1098,Sandra Kinder,,Drama,0,12
1102,Matthew Goode,,Biography,0,12
1103,Allen Leech,,Biography,0,12
1110,F. Murray Abraham,,Adventure,0,12
1120,Essie Davis,,Drama,0,12
1121,Noah Wiseman,,Drama,0,12
1122,Daniel Henshall,,Drama,0,12
1123,Hayley McElhinney,,Drama,0,12
1125,Ansel Elgort,,Drama,0,12
1126,Nat Wolff,,Drama,0,12
1130,Ben Barnes,,Action,0,12
1146,Luke Bracey,,Drama,0,12
1156,Sarah Snook,,Drama,0,12
1157,Noah Taylor,,Drama,0,12
1158,Madeleine West,,Drama,0,12
1160,Min-sik Choi,,Action,0,12
1161,Amr Waked,,Action,0,12
1162,Aaron Paul,,Drama,0,12
1163,Dominic Cooper,,Action,0,12
1164,Scott Mescudi,,Action,0,12
1165,Luke Evans,,Drama,0,12
1166,Art Parkinson,,Action,0,12
1170,Jack O'Connell,,Drama,0,12
1171,Miyavi,,Biography,0,12
1172,James Gandolfini,,Crime,0,12
1173,Matthias Schoenaerts,,Drama,0,12
1178,Dick Van Dyke,,Adventure,0,12
1192,Ellar Coltrane,,Drama,0,12
1193,Patricia Arquette,,Drama,0,12
1194,Elijah Smith,,Drama,0,12
1196,Christian Cooke,,Comedy,0,12
1197,Jaime Winstone,,Comedy,0,12
1199,Steven Yeun,,Drama,0,12
1200,Astrid Berges-Frisbey,,Drama,0,12
1201,Brit Marling,,Drama,0,12
1203,Gaby Hoffmann,,Adventure,0,12
1214,Kenneth Branagh,,Action,0,12
1216,Ward Horton,,Horror,0,12
1217,Annabelle Wallis,,Thriller,0,12
1218,Alfre Woodard,,Horror,0,12
1219,Tony Amendola,,Horror,0,12
1220,Kristin Scott Thomas,,Drama,0,12
1221,Eric Godon,,Drama,0,12
1225,Joel Kinnaman,,Crime,0,12
1226,Jamie Blackley,,Drama,0,12
1227,Joshua Leonard,,Drama,0,12
1235,Bruce Greenwood,,Drama,0,12
1236,David Oyelowo,,Biography,0,12
1237,Carmen Ejogo,,Biography,0,12
1238,Lorraine Toussaint,,Biography,0,12
1246,Daisy Ridley,,Action,0,12
1247,John Boyega,,Action,0,12
1248,Dakota Johnson,,Drama,0,12
1249,Jamie Dornan,,Thriller,0,12
1250,Jennifer Ehle,,Drama,0,12
1251,Eloise Mumford,,Drama,0,12
1252,Zoe Kravitz,,Action,0,12
1253,Walton Goggins,,Crime,0,12
1254,Paul Anderson,,Biography,0,12
1255,Elizabeth Debicki,,Action,0,12
1277,Haley Bennett,,Drama,0,12
1278,Jessica Barden,,Comedy,0,12
1283,Emilia Clarke,,Action,0,12
1294,Jessica Brown Findlay,,Drama,0,12
1296,Wei Tang,,Crime,0,12
1297,Leehom Wang,,Crime,0,12
1307,Jeff Daniels,,Biography,0,12
1317,Emory Cohen,,Drama,0,12
1325,Jack Madigan,,Drama,0,12
1326,Frank Madigan,,Drama,0,12
1330,Sarah Paulson,,Drama,0,12
1331,Harvey Keitel,,Comedy,0,12
1332,Matthew Fox,,Adventure,0,12
1340,Richenda Carey,,Drama,0,12
1346,Levi Miller,,Adventure,0,12
1362,Dale Dickey,,Crime,0,12
1363,Jessica Barth,,Adventure,0,12
1374,Brian Dennehy,,Drama,0,12
1378,Cara Delevingne,,Drama,0,12
1379,Austin Abrams,,Drama,0,12
1380,Justice Smith,,Drama,0,12
1383,Malcolm Sinclair,,Biography,0,12
1384,Raghuvir Joshi,,Biography,0,12
1394,Tye Sheridan,,Biography,0,12
1406,Toby Jones,,Drama,0,12
1407,Logan Miller,,Action,0,12
1408,Joey Morgan,,Action,0,12
1409,Sarah Dumont,,Action,0,12
1419,Andrea Whitburn,,Action,0,12
1420,Jennifer Koenig,,Action,0,12
1421,Michael Dickson,,Action,0,12
1422,Christina Hendricks,,Thriller,0,12
1426,Julia Roberts,,Drama,0,12
1427,Dean Norris,,Crime,0,12
1432,Rosemarie DeWitt,,Comedy,0,12
1433,Julian Barratt,,Comedy,0,12
1435,Janelle Monae,,Biography,0,12
1444,Sunny Pawar,,Biography,0,12
1446,Lucas Hedges,,Drama,0,12
1482,Hermione Corfield,,Adventure,0,12
1483,Addison Timlin,,Adventure,0,12
1484,Joely Richardson,,Adventure,0,12
1485,Jeremy Irvine,,Drama,0,12
1490,Janet McTeer,,Drama,0,12
1491,Charles Dance,,Drama,0,12
1494,Brian Cox,,Horror,0,12
1495,Ophelia Lovibond,,Horror,0,12
1496,Michael McElhatton,,Thriller,0,12
1499,Douglas M. Griffin,,Drama,0,12
1500,James DuMont,,Action,0,12
1502,Vincent Ebrahim,,Action,0,12
1509,George MacKay,,Comedy,0,12
1510,Samantha Isler,,Comedy,0,12
1511,Annalise Basso,,Comedy,0,12
1513,Travis Fimmel,,Action,0,12
1560,Stephen Henderson,,Drama,0,12
1561,Jovan Adepo,,Drama,0,12
1576,Tom Cullen,,Thriller,0,12
1577,Clint Dyer,,Thriller,0,12
1580,John Krasinski,,Action,0,12
1581,Pablo Schreiber,,Action,0,12
1588,Renee Zellweger,,Comedy,0,12
1589,Gemma Jones,,Comedy,0,12
1590,Sally Phillips,,Comedy,0,12
1597,Joe Alwyn,,Drama,0,12
1598,Arturo Castro,,Drama,0,12
1599,Mason Lee,,Drama,0,12
1600,Florence Clery,,Drama,0,12
1606,Callan McAuliffe,,Crime,0,12
1607,Lorraine Nicholson,,Crime,0,12
1608,Daniel Eric Gold,,Crime,0,12
1609,Clifton Collins Jr.,,Thriller,0,12
1633,Vincent Kartheiser,,Crime,0,12
1647,Ferdia Walsh-Peelo,,Comedy,0,12
1648,Aidan Gillen,,Comedy,0,12
1649,Maria Doyle Kennedy,,Comedy,0,12
1665,Ray Romano,,Animation,0,12
1666,Denis Leary,,Animation,0,12
1667,Chris Wedge,,Animation,0,12
1668,Matthew Zuk,,Action,0,12
1669,Gabriela Lopez,,Action,0,12
1670,Bailey Anne Borders,,Action,0,12
1742,Tom Costello,,Biography,0,12
1743,Jo Hartley,,Biography,0,12
1759,Brian Caspe,,Biography,0,12
1760,Karel Hermanek Jr.,,Biography,0,12
1772,Duncan Duff,,Biography,0,12
1773,Keith Carradine,,Biography,0,12
1776,Max Martini,,Action,0,12
1797,Fionn O'Shea,,Drama,0,12
1798,Nicholas Galitzine,,Drama,0,12
1799,Moe Dunford,,Drama,0,12
1864,Taissa Farmiga,,Comedy,0,12
1865,Steve Tom,,Comedy,0,12
1866,Elizabeth Reaser,,Horror,0,12
1867,Lulu Wilson,,Horror,0,12
1868,Henry Thomas,,Horror,0,12
1891,Aidan Turner,,Drama,0,12
1899,Lily-Rose Depp,,Comedy,0,12
1900,Harley Quinn Smith,,Comedy,0,12
1901,Tom Felton,,Biography,0,12
1921,Kari Matchett,,Biography,0,12
1922,Zachary Bennett,,Biography,0,12
1931,Aiden Longworth,,Mystery,0,12
1932,Tijuana Ricks,,Drama,0,12
1933,Sue Dahlman,,Drama,0,12
1950,Bel Powley,,Thriller,0,12
1951,Stephen Moyer,,Thriller,0,12
1956,Gabriel Luna,,Thriller,0,12
1957,David Acord,,Thriller,0,12
1966,Hayden Panettiere,,Drama,0,12
1967,Catalina Sandino Moreno,,Drama,0,12
1969,Madina Nalwanga,,Biography,0,12
1970,Lupita Nyong'o,,Biography,0,12
1971,Martin Kabanza,,Biography,0,12
1978,Nathalie Baye,,Drama,0,12
397,Ben Burtt,,Animation,12,13
398,Elissa Knight,,Animation,12,13
399,Jeff Garlin,,Animation,12,13
400,Fred Willard,,Animation,12,13
401,Clint Eastwood,,Drama,13,14
402,Bee Vang,,Drama,13,14
403,Christopher Carley,,Drama,13,14
404,Ahney Her,,Drama,13,14
411,Stuart Graham,,Biography,14,15
412,Laine Megaw,,Biography,14,15
413,Brian Milligan,,Biography,14,15
414,Liam McMahon,,Biography,14,15
471,Morjana Alaoui,,Horror,15,16
472,Mylene Jampanoi,,Horror,15,16
473,Catherine Begin,,Horror,15,16
474,Robert Toupin,,Horror,15,16
475,Robert Hoffman,,Drama,16,17
476,Briana Evigan,,Drama,16,17
477,Cassie Ventura,,Drama,16,17
478,Adam G. Sevani,,Drama,16,17
492,Christos Stergioglou,,Drama,17,18
493,Michele Valley,,Drama,17,18
494,Angeliki Papoulia,,Drama,17,18
495,Hristos Passalis,,Drama,17,18
553,Jared Padalecki,,Horror,18,19
554,Amanda Righetti,,Horror,18,19
555,Derek Mears,,Horror,18,19
556,Danielle Panabaker,,Horror,18,19
561,Ricardo Darin,,Drama,19,20
562,Soledad Villamil,,Drama,19,20
563,Pablo Rago,,Drama,19,20
564,Carla Quevedo,,Drama,19,20
582,Justin Chatwin,,Action,20,21
583,James Marsters,,Action,20,21
584,Yun-Fat Chow,,Action,20,21
585,Emmy Rossum,,Action,20,21
599,Dieter Laser,,Horror,21,22
600,Ashley C. Williams,,Horror,21,22
601,Ashlynn Yennie,,Horror,21,22
602,Akihiro Kitamura,,Horror,21,22
604,Melissa George,,Fantasy,22,23
605,Joshua McIvor,,Fantasy,22,23
606,Jack Taylor,,Fantasy,22,23
607,Michael Dorman,,Fantasy,22,23
12,Gerard Butler,,Action,0,24
47,Radha Mitchell,,Adventure,0,24
48,Laurie Holden,,Horror,0,24
49,Sean Bean,,Adventure,0,24
50,Deborah Kara Unger,,Adventure,0,24
60,Abbie Cornish,,Drama,0,24
71,Luke Wilson,,Adventure,0,24
72,Maya Rudolph,,Comedy,0,24
73,Dax Shepard,,Adventure,0,24
74,Terry Crews,,Comedy,0,24
103,Tom Hanks,,Drama,0,24
104,Audrey Tautou,,Mystery,0,24
105,Jean Reno,,Mystery,0,24
125,Tom Cruise,,Action,0,24
127,Ving Rhames,,Thriller,0,24
145,Ben Whishaw,,Drama,0,24
146,Dustin Hoffman,,Drama,0,24
147,Alan Rickman,,Drama,0,24
148,Francesc Albiol,,Crime,0,24
149,Brandon Routh,,Action,0,24
150,Kevin Spacey,,Sci-Fi,0,24
151,Kate Bosworth,,Drama,0,24
152,James Marsden,,Romance,0,24
157,Josh Hartnett,,Crime,0,24
158,Ben Kingsley,,Drama,0,24
159,Morgan Freeman,,Action,0,24
160,Lucy Liu,,Crime,0,24
173,Woody Harrelson,,Crime,0,24
174,Michael Cera,,Comedy,0,24
175,Jonah Hill,,Comedy,0,24
176,Christopher Mintz-Plasse,,Comedy,0,24
177,Bill Hader,,Comedy,0,24
187,Catherine Keener,,Drama,0,24
188,Marcia Gay Harden,,Adventure,0,24
191,Josh Duhamel,,Action,0,24
201,Daniel Day-Lewis,,Drama,0,24
202,Paul Dano,,Drama,0,24
203,Ciaran Hinds,,Drama,0,24
204,Martin Stringer,,Drama,0,24
205,Daniel Radcliffe,,Adventure,0,24
207,Rupert Grint,,Adventure,0,24
208,Brendan Gleeson,,Adventure,0,24
239,Hilary Swank,,Drama,0,24
240,Harry Connick Jr.,,Drama,0,24
241,Lisa Kudrow,,Drama,0,24
242,Ellen Page,,Comedy,0,24
243,Jennifer Garner,,Drama,0,24
246,Susan Sarandon,,Animation,0,24
247,Patrick Dempsey,,Animation,0,24
248,Nicolas Cage,,Action,0,24
249,Eva Mendes,,Action,0,24
250,Sam Elliott,,Action,0,24
251,Matt Long,,Action,0,24
260,Katherine Heigl,,Comedy,0,24
270,Thomas Jane,,Horror,0,24
271,Andre Braugher,,Horror,0,24
272,Bruce Willis,,Action,0,24
273,Justin Long,,Thriller,0,24
274,Timothy Olyphant,,Action,0,24
275,Maggie Q,,Action,0,24
282,Anthony Hopkins,,Crime,0,24
284,David Strathairn,,Drama,0,24
294,Ray Winstone,,Action,0,24
295,Crispin Glover,,Animation,0,24
296,Angelina Jolie,,Action,0,24
297,Robin Wright,,Drama,0,24
303,Imelda Staunton,,Biography,0,24
304,Scott Glenn,,Biography,0,24
326,Evan Rachel Wood,,Drama,0,24
327,Jim Sturgess,,Drama,0,24
328,Joe Anderson,,Drama,0,24
329,Dana Fuchs,,Drama,0,24
339,Aaron Eckhart,,Drama,0,24
356,Idris Elba,,Action,0,24
363,Terence Stamp,,Action,0,24
364,Liv Tyler,,Action,0,24
420,Scott Speedman,,Horror,0,24
421,Gemma Ward,,Horror,0,24
422,Alex Fisher,,Horror,0,24
424,Golshifteh Farahani,,Drama,0,24
428,Colin Farrell,,Comedy,0,24
429,Elizabeth Berrington,,Comedy,0,24
439,Carmen Electra,,Comedy,0,24
440,Vanessa Lachey,,Comedy,0,24
441,Nicole Parker,,Comedy,0,24
442,Matt Lanter,,Comedy,0,24
447,Adam Sandler,,Comedy,0,24
448,John Turturro,,Action,0,24
449,Emmanuelle Chriqui,,Action,0,24
450,Nick Swardson,,Action,0,24
451,Aaron Yoo,,Crime,0,24
452,Rebecca Hall,,Drama,0,24
453,Christopher Evan Welch,,Drama,0,24
455,Colm Feore,,Biography,0,24
456,Amy Ryan,,Drama,0,24
457,Gattlin Griffith,,Biography,0,24
512,Jesse Eisenberg,,Comedy,0,24
529,Michael Gambon,,Adventure,0,24
538,Joseph Gordon-Levitt,,Drama,0,24
545,Sam Rockwell,,Comedy,0,24
546,Dominique McElligott,,Drama,0,24
547,Rosie Shaw,,Drama,0,24
571,Bill Murray,,Adventure,0,24
586,Bree Turner,,Comedy,0,24
587,Eric Winter,,Comedy,0,24
610,Ken Watanabe,,Action,0,24
615,Mary Elizabeth Winstead,,Comedy,0,24
616,Kieran Culkin,,Action,0,24
617,Alison Pill,,Action,0,24
618,Aaron Taylor-Johnson,,Action,0,24
619,Garrett M. Brown,,Action,0,24
628,Jay Baruchel,,Comedy,0,24
647,Don Cheadle,,Action,0,24
648,Ben Affleck,,Drama,0,24
676,Tina Fey,,Comedy,0,24
682,Oliver Platt,,Drama,0,24
687,Tim Allen,,Animation,0,24
688,Joan Cusack,,Animation,0,24
689,Ned Beatty,,Animation,0,24
690,Helen Mirren,,Comedy,0,24
699,Kevin James,,Comedy,0,24
700,Chris Rock,,Comedy,0,24
706,Craig Ferguson,,Animation,0,24
707,Gemma Arterton,,Drama,0,24
708,Alfred Molina,,Drama,0,24
715,Josh Lucas,,Comedy,0,24
716,Alexis Clagett,,Comedy,0,24
717,Elisabeth Shue,,Comedy,0,24
718,Jerry O'Connell,,Comedy,0,24
719,Richard Dreyfuss,,Thriller,0,24
722,Rainn Wilson,,Comedy,0,24
723,Kevin Bacon,,Comedy,0,24
736,Penelope Cruz,,Comedy,0,24
742,Bryan Cranston,,Drama,0,24
744,Nick Nolte,,Action,0,24
745,Joel Edgerton,,Drama,0,24
746,Jennifer Morrison,,Action,0,24
757,Vanessa Hudgens,,Action,0,24
769,Elle Fanning,,Thriller,0,24
770,AJ Michalka,,Mystery,0,24
771,Kyle Chandler,,Drama,0,24
772,Joel Courtney,,Mystery,0,24
773,Anna Friel,,Mystery,0,24
811,George Lopez,,Animation,0,24
812,Karen Disher,,Animation,0,24
819,Kenny Wormald,,Comedy,0,24
820,Julianne Hough,,Drama,0,24
821,Andie MacDowell,,Comedy,0,24
840,Dan Fogler,,Comedy,0,24
842,Craig Van Hook,,Crime,0,24
847,Selena Gomez,,Drama,0,24
848,Ashley Benson,,Drama,0,24
849,Rachel Korine,,Drama,0,24
854,Ice Cube,,Comedy,0,24
855,Brie Larson,,Comedy,0,24
862,Sally Field,,Drama,0,24
880,John Goodman,,Drama,0,24
881,Alan Arkin,,Biography,0,24
882,Jared Gilman,,Adventure,0,24
883,Kara Hayward,,Adventure,0,24
884,Jemaine Clement,,Adventure,0,24
905,Bokeem Woodbine,,Action,0,24
924,Christopher Walken,,Comedy,0,24
925,Woody Allen,,Comedy,0,24
926,Nadine Velazquez,,Thriller,0,24
938,Diego Boneta,,Comedy,0,24
939,Alec Baldwin,,Drama,0,24
951,Elizabeth Olsen,,Action,0,24
959,Common,,Crime,0,24
960,Michael Shannon,,Drama,0,24
961,Diane Lane,,Action,0,24
975,David Spade,,Comedy,0,24
976,Billy Crystal,,Animation,0,24
977,Steve Buscemi,,Animation,0,24
985,Angela Bassett,,Action,0,24
988,Cobie Smulders,,Drama,0,24
989,David Lyons,,Drama,0,24
1032,Barkhad Abdi,,Drama,0,24
1033,Barkhad Abdirahman,,Biography,0,24
1037,Miles Teller,,Drama,0,24
1050,Juno Temple,,Drama,0,24
1051,Max Minghella,,Drama,0,24
1057,Zoe Kazan,,Comedy,0,24
1058,Megan Park,,Comedy,0,24
1059,Adam Driver,,Drama,0,24
1093,J.K. Simmons,,Drama,0,24
1094,Melissa Benoist,,Drama,0,24
1095,Paul Reiser,,Drama,0,24
1109,Lesley Manville,,Action,0,24
1119,Katherine Waterston,,Comedy,0,24
1127,Drew Barrymore,,Comedy,0,24
1128,Wendi McLendon-Covey,,Comedy,0,24
1129,Kevin Nealon,,Comedy,0,24
1131,Eddie Redmayne,,Biography,0,24
1132,Felicity Jones,,Action,0,24
1133,Tom Prior,,Biography,0,24
1134,Sophie Perry,,Biography,0,24
1142,Taika Waititi,,Comedy,0,24
1143,Cori Gonzalez-Macuer,,Comedy,0,24
1144,Jonny Brugh,,Comedy,0,24
1147,Michael Parks,,Drama,0,24
1148,Haley Joel Osment,,Comedy,0,24
1149,Genesis Rodriguez,,Comedy,0,24
1202,Diego Luna,,Adventure,0,24
1215,Jessica Lange,,Crime,0,24
1256,Jacob Tremblay,,Drama,0,24
1257,Sean Bridgers,,Drama,0,24
1258,Wendy Crewson,,Drama,0,24
1269,Richard Madden,,Drama,0,24
1270,Aomi Muyock,,Drama,0,24
1271,Karl Glusman,,Drama,0,24
1272,Klara Kristin,,Drama,0,24
1273,Juan Saavedra,,Drama,0,24
1274,Amy Schumer,,Comedy,0,24
1275,Colin Quinn,,Comedy,0,24
1280,Amy Poehler,,Comedy,0,24
1281,Lewis Black,,Animation,0,24
1282,Mindy Kaling,,Animation,0,24
1295,Alia Shawkat,,Crime,0,24
1300,Mark Rylance,,Drama,0,24
1301,Alan Alda,,Drama,0,24
1302,Ang Phula Sherpa,,Action,0,24
1303,Thomas M. Wright,,Action,0,24
1304,Martin Henderson,,Drama,0,24
1306,Jasmine Trinca,,Action,0,24
1336,Mia Goth,,Drama,0,24
1337,Martin McCann,,Drama,0,24
1338,Barry Ward,,Sci-Fi,0,24
1339,Andrew Simpson,,Drama,0,24
1345,Allison Tolman,,Mystery,0,24
1357,Jorge Garcia,,Comedy,0,24
1359,Jeffrey Dean Morgan,,Crime,0,24
1364,Mae Whitman,,Comedy,0,24
1365,Bella Thorne,,Comedy,0,24
1366,Robbie Amell,,Comedy,0,24
1367,Allison Janney,,Comedy,0,24
1386,Andy Samberg,,Comedy,0,24
1387,Ike Barinholtz,,Comedy,0,24
1395,Billy Crudup,,Drama,0,24
1404,Max Greenfield,,Comedy,0,24
1405,Tyne Daly,,Comedy,0,24
1415,Callum Keith Rennie,,Drama,0,24
1416,Charlotte Le Bon,,Crime,0,24
1417,Guillaume Baillargeon,,Adventure,0,24
1418,emilie Leclerc,,Adventure,0,24
1434,Alison Sudol,,Adventure,0,24
1436,Alan Tudyk,,Action,0,24
1437,Donnie Yen,,Action,0,24
1493,Valerie Mahaffey,,Biography,0,24
1497,Beverly D'Angelo,,Drama,0,24
1498,Jason O'Mara,,Drama,0,24
1501,Daniel Gimenez Cacho,,Drama,0,24
1505,Ginnifer Goodwin,,Animation,0,24
1506,Jenny Slate,,Animation,0,24
1512,Chris Messina,,Crime,0,24
1514,Steve Lantz,,Comedy,0,24
1515,Gregg Weiner,,Comedy,0,24
1540,John Gallagher Jr.,,Horror,0,24
1541,Tony Goldwyn,,Action,0,24
1542,Adria Arjona,,Action,0,24
1543,John C. McGinley,,Action,0,24
1556,Neel Sethi,,Adventure,0,24
1572,Ruby Barnhill,,Adventure,0,24
1573,Penelope Wilton,,Adventure,0,24
1578,Aldis Hodge,,Action,0,24
1579,Robert Knepper,,Action,0,24
1591,Tom Hughes,,Sci-Fi,0,24
1592,Oona Chaplin,,Sci-Fi,0,24
1610,Danielle Nicolet,,Action,0,24
1611,Dane DeHaan,,Drama,0,24
1612,Jason Isaacs,,Drama,0,24
1613,Ivo Nandi,,Drama,0,24
1614,Garance Marillier,,Drama,0,24
1615,Ella Rumpf,,Drama,0,24
1616,Rabah Nait Oufella,,Drama,0,24
1617,Laurent Lucas,,Drama,0,24
1618,Nellie,,Comedy,0,24
1619,Rizwan Manji,,Comedy,0,24
1620,Glenn Close,,Drama,0,24
1621,Dominique Tipper,,Drama,0,24
1622,Paddy Considine,,Drama,0,24
1634,Greta Gerwig,,Drama,0,24
1637,Eddie Izzard,,Animation,0,24
1638,Annette Bening,,Comedy,0,24
1639,Arnaud Viard,,Comedy,0,24
1640,Linda Gegusch,,Comedy,0,24
1650,Carly Rae Jepsen,,Animation,0,24
1651,Maddie Ziegler,,Animation,0,24
1656,Romain Duris,,Thriller,0,24
1657,Jalil Lespert,,Thriller,0,24
1658,Camille Cottin,,Thriller,0,24
1679,Katie Crown,,Animation,0,24
1680,Kelsey Grammer,,Animation,0,24
1681,Annabeth Gish,,Drama,0,24
1699,Antonia Ribero,,Adventure,0,24
1700,Kate Siegel,,Horror,0,24
1701,Michael Trucco,,Horror,0,24
1702,Samantha Sloyan,,Horror,0,24
1748,Nancy Kwan,,Drama,0,24
1749,Annabelle Attanasio,,Drama,0,24
1754,Tracy Letts,,Drama,0,24
1785,Ruth Negga,,Biography,0,24
1786,Will Dalton,,Biography,0,24
1787,Dean Mumford,,Biography,0,24
1788,Sarita Choudhury,,Comedy,0,24
1789,Alexander Black,,Comedy,0,24
1790,Katey Sagal,,Biography,0,24
1795,Mel Gibson,,Action,0,24
1796,Erin Moriarty,,Action,0,24
1804,Kelly Reilly,,Action,0,24
1813,Pierre Niney,,Drama,0,24
1814,Paula Beer,,Drama,0,24
1815,Ernst Stotzner,,Drama,0,24
1816,Marie Gruber,,Drama,0,24
1824,Jorma Taccone,,Comedy,0,24
1825,Akiva Schaffer,,Comedy,0,24
1843,Josh Stewart,,Crime,0,24
1844,Bill Engvall,,Crime,0,24
1845,Alex Essoe,,Crime,0,24
1846,Ronnie Gene Blevins,,Horror,0,24
1873,Dermot Mulroney,,Drama,0,24
1874,Diego Klattenhoff,,Drama,0,24
1902,Tom Sizemore,,Action,0,24
1909,Michael C. Hall,,Biography,0,24
1910,Maria Dizzia,,Biography,0,24
1911,Michael Vartan,,Horror,0,24
1912,Charlie Heaton,,Drama,0,24
1925,Regina Hall,,Comedy,0,24
1926,Anthony Anderson,,Comedy,0,24
1927,Eve,,Comedy,0,24
1968,Lambert Wilson,,Adventure,0,24
1979,Kylie Rogers,,Biography,0,24
1980,Brighton Sharbino,,Biography,0,24
1981,Cheryl Hines,,Comedy,0,24
8,Leonardo DiCaprio,,Drama,0,25
9,Matt Damon,,Thriller,0,25
10,Jack Nicholson,,Crime,0,25
20,Owen Wilson,,Comedy,0,25
21,Bonnie Hunt,,Animation,0,25
22,Paul Newman,,Animation,0,25
23,Larry the Cable Guy,,Animation,0,25
35,Anne Hathaway,,Drama,0,25
36,Meryl Streep,,Comedy,0,25
37,Adrian Grenier,,Comedy,0,25
38,Emily Blunt,,Drama,0,25
39,Lucas Black,,Action,0,25
40,Zachery Ty Bryan,,Action,0,25
41,Shad Moss,,Action,0,25
42,Damien Marzette,,Action,0,25
51,Kirsten Dunst,,Drama,0,25
52,Jason Schwartzman,,Biography,0,25
53,Rip Torn,,Biography,0,25
54,Judy Davis,,Drama,0,25
67,Jennifer Aniston,,Comedy,0,25
68,Vince Vaughn,,Comedy,0,25
69,Jon Favreau,,Comedy,0,25
70,Joey Lauren Adams,,Comedy,0,25
75,Steve Carell,,Comedy,0,25
76,Toni Collette,,Drama,0,25
77,Greg Kinnear,,Comedy,0,25
78,Abigail Breslin,,Comedy,0,25
83,Halle Berry,,Action,0,25
93,Djimon Hounsou,,Drama,0,25
94,Jennifer Connelly,,Drama,0,25
95,Kagiso Kuypers,,Adventure,0,25
107,Bryce Dallas Howard,,Drama,0,25
108,Bob Balaban,,Drama,0,25
126,Michelle Monaghan,,Action,0,25
141,Nathan Fillion,,Comedy,0,25
142,Elizabeth Banks,,Comedy,0,25
143,Michael Rooker,,Comedy,0,25
144,Don Thompson,,Comedy,0,25
153,Will Ferrell,,Comedy,0,25
155,Sacha Baron Cohen,,Comedy,0,25
156,Gary Cole,,Action,0,25
182,Simon Pegg,,Action,0,25
183,Nick Frost,,Comedy,0,25
193,Jake Gyllenhaal,,Drama,0,25
194,Robert Downey Jr.,,Action,0,25
195,Mark Ruffalo,,Crime,0,25
196,Anthony Edwards,,Crime,0,25
209,Tobey Maguire,,Action,0,25
210,Topher Grace,,Action,0,25
211,Thomas Haden Church,,Adventure,0,25
222,Edgar Ramirez,,Action,0,25
224,Julia Stiles,,Action,0,25
225,John Travolta,,Comedy,0,25
226,Queen Latifah,,Comedy,0,25
227,Nikki Blonsky,,Comedy,0,25
228,Michelle Pfeiffer,,Comedy,0,25
244,Jason Bateman,,Comedy,0,25
253,Rose Byrne,,Comedy,0,25
254,Chris Evans,,Sci-Fi,0,25
259,Seth Rogen,,Comedy,0,25
261,Paul Rudd,,Comedy,0,25
262,Leslie Mann,,Comedy,0,25
265,Naomi Watts,,Drama,0,25
267,Armin Mueller-Stahl,,Crime,0,25
268,Josef Altin,,Crime,0,25
279,Ben Stiller,,Comedy,0,25
280,Malin Akerman,,Comedy,0,25
281,Jerry Stiller,,Comedy,0,25
286,Freddie Highmore,,Drama,0,25
287,Keri Russell,,Drama,0,25
288,Jonathan Rhys Meyers,,Drama,0,25
289,Terrence Howard,,Drama,0,25
305,Jeremy Renner,,Drama,0,25
306,Robert Carlyle,,Drama,0,25
307,Harold Perrineau,,Drama,0,25
340,Pierce Brosnan,,Mystery,0,25
349,Gwyneth Paltrow,,Action,0,25
351,Anna Faris,,Comedy,0,25
352,Colin Hanks,,Comedy,0,25
354,Kat Dennings,,Comedy,0,25
374,Kate Winslet,,Drama,0,25
375,Christopher Fitzgerald,,Drama,0,25
376,Jonathan Roumie,,Drama,0,25
378,Jason Segel,,Comedy,0,25
390,Sean Faris,,Action,0,25
391,Amber Heard,,Drama,0,25
392,Cam Gigandet,,Action,0,25
405,James Franco,,Comedy,0,25
406,Danny McBride,,Action,0,25
407,Anthony Mackie,,Drama,0,25
408,Brian Geraghty,,Drama,0,25
409,Guy Pearce,,Drama,0,25
423,Mark Strong,,Action,0,25
430,Michael Chiklis,,Thriller,0,25
437,Craig Robinson,,Comedy,0,25
438,Gerry Bednob,,Comedy,0,25
443,Matthew McConaughey,,Drama,0,25
444,Kate Hudson,,Comedy,0,25
445,Donald Sutherland,,Action,0,25
446,Alexis Dziena,,Action,0,25
469,Natalie Portman,,Drama,0,25
489,Jackie Earle Haley,,Action,0,25
490,Patrick Wilson,,Thriller,0,25
498,Ed Helms,,Comedy,0,25
502,Jude Law,,Action,0,25
503,Rachel McAdams,,Action,0,25
516,Dakota Fanning,,Animation,0,25
517,Teri Hatcher,,Animation,0,25
518,John Hodgman,,Animation,0,25
519,Jennifer Saunders,,Animation,0,25
520,Dennis Quaid,,Action,0,25
548,Morgan Lily,,Comedy,0,25
549,Trenton Rogers,,Comedy,0,25
567,Vera Farmiga,,Mystery,0,25
568,Peter Sarsgaard,,Drama,0,25
569,Isabelle Fuhrman,,Horror,0,25
570,CCH Pounder,,Horror,0,25
588,Candice Bergen,,Comedy,0,25
589,Bryan Greenberg,,Comedy,0,25
590,Jamal Woolard,,Biography,0,25
591,Derek Luke,,Biography,0,25
592,Momo Dione,,Biography,0,25
593,Zac Efron,,Comedy,0,25
603,Anna Kendrick,,Comedy,0,25
621,Laurence Fishburne,,Adventure,0,25
629,Alice Eve,,Comedy,0,25
634,Russell Brand,,Animation,0,25
635,Julie Andrews,,Animation,0,25
651,Derek Jeter,,Action,0,25
660,Ewan McGregor,,Thriller,0,25
661,Olivia Williams,,Mystery,0,25
662,Jon Bernthal,,Action,0,25
663,Mia Wasikowska,,Fantasy,0,25
670,Frank Langella,,Crime,0,25
671,Lily Rabe,,Crime,0,25
677,Jennifer Lawrence,,Adventure,0,25
678,John Hawkes,,Drama,0,25
679,Garret Dillahunt,,Drama,0,25
680,Isaiah Stone,,Drama,0,25
681,Judy Greer,,Comedy,0,25
683,Ty Simpkins,,Horror,0,25
684,Lin Shaye,,Horror,0,25
704,Hailee Steinfeld,,Drama,0,25
709,Amber Tamblyn,,Adventure,0,25
710,Kate Mara,,Adventure,0,25
711,Sean Bott,,Adventure,0,25
726,Paul Bettany,,Action,0,25
727,Charles S. Dutton,,Action,0,25
740,Tom Hiddleston,,Fantasy,0,25
747,Hugo Weaving,,Sci-Fi,0,25
748,Hayley Atwell,,Action,0,25
749,Kristen Wiig,,Comedy,0,25
759,Kathy Bates,,Comedy,0,25
760,Kurt Fuller,,Comedy,0,25
765,Dianna Agron,,Action,0,25
774,Robert De Niro,,Comedy,0,25
779,Charlie Day,,Comedy,0,25
780,Jason Sudeikis,,Comedy,0,25
781,Steve Wiebe,,Comedy,0,25
792,Chris Pratt,,Adventure,0,25
793,Lisa Thoreson,,Romance,0,25
794,Florence Kastriner,,Romance,0,25
797,Mia Stallard,,Adventure,0,25
803,Ashton Kutcher,,Comedy,0,25
804,Kevin Kline,,Comedy,0,25
805,Cary Elwes,,Comedy,0,25
806,Su Elliot,,Drama,0,25
814,Jessica Chastain,,Drama,0,25
816,Evangeline Lilly,,Action,0,25
817,Dakota Goyo,,Action,0,25
822,Ari Graynor,,Comedy,0,25
823,Blythe Danner,,Romance,0,25
835,Rasmus Hardiker,,Adventure,0,25
851,Hugh Grant,,Drama,0,25
856,Brittany Snow,,Comedy,0,25
857,Rebel Wilson,,Comedy,0,25
858,Anna Camp,,Comedy,0,25
863,Jacki Weaver,,Comedy,0,25
870,Olivia Munn,,Comedy,0,25
871,Tom Holland,,Drama,0,25
872,Oaklee Pendergast,,Drama,0,25
885,Benicio Del Toro,,Crime,0,25
895,Cameron Diaz,,Comedy,0,25
896,Matthew Morrison,,Comedy,0,25
897,J. Todd Smith,,Comedy,0,25
929,Taylor Schilling,,Drama,0,25
930,Riley Thomas Stewart,,Drama,0,25
931,Maude Apatow,,Comedy,0,25
932,Iris Apatow,,Comedy,0,25
946,Charlie Hunnam,,Action,0,25
947,Rinko Kikuchi,,Action,0,25
952,Emma Roberts,,Crime,0,25
955,Ron Livingston,,Horror,0,25
956,Lili Taylor,,Horror,0,25
970,Lydia Wilson,,Comedy,0,25
1008,Jon Daly,,Adventure,0,25
1009,Kathryn Hahn,,Comedy,0,25
1024,Aasif Mandvi,,Comedy,0,25
1034,John D'Leo,,Comedy,0,25
1035,Benjamin Bratt,,Animation,0,25
1036,Miranda Cosgrove,,Animation,0,25
1039,Nikolaj Coster-Waldau,,Horror,0,25
1040,Megan Charpentier,,Horror,0,25
1041,Isabelle Nelisse,,Horror,0,25
1046,Adam Levine,,Drama,0,25
1048,Ruth Wilson,,Drama,0,25
1081,Mackenzie Foy,,Adventure,0,25
1099,Rene Russo,,Drama,0,25
1100,Bill Paxton,,Thriller,0,25
1101,Riz Ahmed,,Crime,0,25
1104,Robert Redford,,Adventure,0,25
1135,Andy Powers,,Horror,0,25
1136,Laura Allen,,Horror,0,25
1137,Peter Stormare,,Horror,0,25
1138,Christian Distefano,,Horror,0,25
1159,Taylor Swift,,Drama,0,25
1167,Kate Upton,,Comedy,0,25
1168,Rob Corddry,,Comedy,0,25
1169,Ellie Kemper,,Comedy,0,25
1188,Zoey Deutch,,Comedy,0,25
1189,Lucy Fry,,Action,0,25
1190,Danila Kozlovsky,,Action,0,25
1191,Gabriel Byrne,,Action,0,25
1198,Kit Harington,,Action,0,25
1211,Emma Fitzpatrick,,Comedy,0,25
1212,John Cullum,,Comedy,0,25
1222,Eric Stonestreet,,Mystery,0,25
1229,Connie Nielsen,,Action,0,25
1230,Quvenzhane Wallis,,Comedy,0,25
1262,Michael Douglas,,Action,0,25
1263,Corey Stoll,,Adventure,0,25
1264,Anya Taylor-Joy,,Horror,0,25
1265,Ralph Ineson,,Horror,0,25
1266,Kate Dickie,,Horror,0,25
1267,Julian Richings,,Horror,0,25
1279,Rebecca Ferguson,,Drama,0,25
1292,Rose Leslie,,Action,0,25
1293,Olafur Darri Olafsson,,Action,0,25
1299,Oona Laurence,,Drama,0,25
1313,Christina Applegate,,Comedy,0,25
1314,Skyler Gisondo,,Adventure,0,25
1315,Steele Stebbins,,Adventure,0,25
1318,Chris Cooper,,Comedy,0,25
1319,Judah Lewis,,Comedy,0,25
1320,Kevin Hart,,Comedy,0,25
1321,Alison Brie,,Comedy,0,25
1322,T.I.,,Comedy,0,25
1347,Anders Holm,,Comedy,0,25
1368,Kevin Connolly,,Comedy,0,25
1369,Jerry Ferrara,,Comedy,0,25
1370,Kevin Dillon,,Comedy,0,25
1371,Kiernan Shipka,,Horror,0,25
1372,Lauren Holly,,Horror,0,25
1373,Lucy Boynton,,Thriller,0,25
1375,Wes Bentley,,Drama,0,25
1376,Emily Ratajkowski,,Drama,0,25
1377,Jonny Weston,,Drama,0,25
1381,Logan Huffman,,Action,0,25
1382,Alexander Ludwig,,Action,0,25
1402,Jordan Carlos,,Comedy,0,25
1403,Margarita Levieva,,Comedy,0,25
1410,Lake Bell,,Action,0,25
1411,Chatchawai Kamonsakpitak,,Action,0,25
1412,Ryoko Seta,,Drama,0,25
1423,Josh Wiggins,,Adventure,0,25
1424,Luke Kleintank,,Adventure,0,25
1425,Lauren Graham,,Adventure,0,25
1428,Haley Lu Richardson,,Horror,0,25
1429,Jessica Sula,,Horror,0,25
1441,Austin Stowell,,Action,0,25
1442,Tim Blake Nelson,,Action,0,25
1443,Louis C.K.,,Animation,0,25
1445,Michael Stuhlbarg,,Drama,0,25
1461,Tangie Ambrose,,Comedy,0,25
1462,Cedric the Entertainer,,Comedy,0,25
1467,Sebastian Stan,,Action,0,25
1468,Benedict Wong,,Action,0,25
1469,Alistair Abell,,Animation,0,25
1470,Mahershala Ali,,Drama,0,25
1471,Shariff Earp,,Drama,0,25
1472,Duan Sanderson,,Drama,0,25
1473,Alex R. Hibbert,,Drama,0,25
1481,Gugu Mbatha-Raw,,Drama,0,25
1532,Danny DeVito,,Comedy,0,25
1533,Edie Falco,,Comedy,0,25
1550,Adam Devine,,Adventure,0,25
1551,Aubrey Plaza,,Comedy,0,25
1557,Dave Franco,,Adventure,0,25
1558,Emily Meade,,Adventure,0,25
1559,Miles Heizer,,Adventure,0,25
1565,Carice van Houten,,Mystery,0,25
1570,Blake Jenner,,Comedy,0,25
1571,Kyra Sedgwick,,Comedy,0,25
1586,Madison Wolfe,,Horror,0,25
1587,Frances O'Connor,,Horror,0,25
1605,Michael Yare,,Horror,0,25
1632,Kerry Bishe,,Horror,0,25
1686,Oakes Fegley,,Adventure,0,25
1698,Simon Helberg,,Biography,0,25
1711,Natasha Henstridge,,Horror,0,25
1712,Lukas Hassel,,Horror,0,25
1713,Dominique Swain,,Horror,0,25
1718,Gretchen Mol,,Drama,0,25
1755,Sam Trammell,,Crime,0,25
1756,Billie Piper,,Crime,0,25
1757,James Floyd,,Crime,0,25
1758,Cush Jumbo,,Crime,0,25
1775,Peter Riegert,,Crime,0,25
1794,Freddie Crowder,,Action,0,25
1858,Usher Raymond,,Action,0,25
1859,Ruben Blades,,Action,0,25
1903,Jason Barry,,Crime,0,25
1904,Karen Moskow,,Crime,0,25
1905,Kai Ryssdal,,Crime,0,25
1923,Sophie Nelisse,,Thriller,0,25
1924,Joe Cobden,,Thriller,0,25
1942,Paula Prentiss,,Thriller,0,25
1947,Nicholas Braun,,Comedy,0,25
1948,Mateo Arias,,Comedy,0,25
1949,Israel Broussard,,Comedy,0,25
639,Srdjan 'Zika' Todorovic,,Horror,23,26
640,Sergej Trifunovic,,Horror,23,26
641,Jelena Gavrilovic,,Horror,23,26
642,Slobodan Bestic,,Horror,23,26
694,Lubna Azabal,,Drama,25,27
695,Melissa Desormeaux-Poulin,,Drama,25,27
696,Maxim Gaudette,,Drama,25,27
697,Mustafa Kamel,,Drama,25,27
728,Sarah Butler,,Crime,26,28
729,Jeff Branson,,Crime,26,28
730,Andrew Howard,,Crime,26,28
731,Daniel Franzese,,Crime,26,28
782,Amber Perkins,,Drama,28,29
783,Rachel Quinn,,Drama,28,29
784,Dean Waite,,Drama,28,29
785,Jael Elizabeth Steinmeyer,,Drama,28,29
827,Neve Campbell,,Horror,29,30
828,Courteney Cox,,Horror,29,30
829,David Arquette,,Horror,29,30
830,Lucy Hale,,Horror,29,30
876,Mads Mikkelsen,,Drama,31,31
877,Thomas Bo Larsen,,Drama,31,31
878,Annika Wedderkopp,,Drama,31,31
879,Lasse Fogelstrom,,Drama,31,31
89,Will Smith,,Drama,0,32
185,Bill Nighy,,Comedy,0,32
189,Shia LaBeouf,,Action,0,32
190,Megan Fox,,Action,0,32
192,Tyrese Gibson,,Action,0,32
223,Joan Allen,,Action,0,32
233,Alice Braga,,Sci-Fi,0,32
234,Charlie Tahan,,Drama,0,32
235,Salli Richardson-Whitfield,,Drama,0,32
236,Michael Pena,,Drama,0,32
237,Rhona Mitra,,Action,0,32
238,Danny Glover,,Action,0,32
323,David Morse,,Drama,0,32
324,Carrie-Anne Moss,,Drama,0,32
325,Sarah Roemer,,Drama,0,32
342,Stellan Skarsgard,,Drama,0,32
347,Jack Black,,Action,0,32
348,Jeff Kahn,,Action,0,32
357,Mary Steenburgen,,Comedy,0,32
377,Kristen Bell,,Comedy,0,32
380,Mike Vogel,,Action,0,32
381,Jessica Lucas,,Horror,0,32
382,Lizzy Caplan,,Action,0,32
383,T.J. Miller,,Comedy,0,32
393,Ron Perlman,,Adventure,0,32
394,Selma Blair,,Action,0,32
395,Doug Jones,,Action,0,32
396,John Alexander,,Action,0,32
410,Michael Ealy,,Drama,0,32
431,Harrison Ford,,Action,0,32
432,Karen Allen,,Action,0,32
436,Jae Head,,Drama,0,32
454,Ian McShane,,Action,0,32
496,Zach Galifianakis,,Comedy,0,32
497,Justin Bartha,,Comedy,0,32
499,Liev Schreiber,,Action,0,32
500,Ryan Reynolds,,Action,0,32
501,Danny Huston,,Action,0,32
504,Quinton Aaron,,Biography,0,32
505,Sandra Bullock,,Drama,0,32
506,Tim McGraw,,Biography,0,32
523,Craig T. Nelson,,Comedy,0,32
550,Willem Dafoe,,Drama,0,32
551,Charlotte Gainsbourg,,Drama,0,32
552,Storm Acheche Sahlstrom,,Drama,0,32
559,Richard Gere,,Drama,0,32
560,Cary-Hiroyuki Tagawa,,Drama,0,32
594,Matthew Perry,,Comedy,0,32
595,Thomas Lennon,,Comedy,0,32
608,Michael Sheen,,Adventure,0,32
609,Steven Mackintosh,,Action,0,32
636,Mandy Moore,,Animation,0,32
637,Zachary Levi,,Animation,0,32
638,Donna Murphy,,Animation,0,32
646,Mickey Rourke,,Action,0,32
649,Jon Hamm,,Action,0,32
743,Albert Brooks,,Drama,0,32
758,Jena Malone,,Action,0,32
775,Rosie Huntington-Whiteley,,Action,0,32
776,Henry Cavill,,Action,0,32
777,John Hurt,,Action,0,32
778,Stephen Dorff,,Action,0,32
789,Blake Lively,,Drama,0,32
799,Jason Momoa,,Action,0,32
800,Stephen Lang,,Action,0,32
841,Logan Marshall-Green,,Mystery,0,32
867,Taylor Kitsch,,Action,0,32
868,Lynn Collins,,Action,0,32
869,Samantha Morton,,Action,0,32
902,Kate Beckinsale,,Action,0,32
903,India Eisley,,Action,0,32
904,Stephen Rea,,Action,0,32
937,America Ferrera,,Crime,0,32
940,Thomas Mann,,Comedy,0,32
941,Oliver Cooper,,Comedy,0,32
942,Jonathan Daniel Brown,,Comedy,0,32
943,Dax Flame,,Comedy,0,32
948,Idina Menzel,,Animation,0,32
949,Jonathan Groff,,Animation,0,32
950,Josh Gad,,Animation,0,32
957,Stacy Martin,,Drama,0,32
982,Jim Carrey,,Crime,0,32
993,Stephen Merchant,,Comedy,0,32
997,Lorenza Izzo,,Horror,0,32
998,Ariel Levy,,Adventure,0,32
999,Aaron Burns,,Horror,0,32
1000,Kirby Bliss Blanton,,Adventure,0,32
1001,Jane Levy,,Horror,0,32
1002,Shiloh Fernandez,,Fantasy,0,32
1003,Lou Taylor Pucci,,Fantasy,0,32
1010,Michael McDonald,,Action,0,32
1011,Melissa McCarthy,,Comedy,0,32
1012,Demian Bichir,,Action,0,32
1043,Chadwick Boseman,,Biography,0,32
1044,T.R. Knight,,Biography,0,32
1045,Nicole Beharie,,Biography,0,32
1069,Nick Robinson,,Adventure,0,32
1070,Gabriel Basso,,Drama,0,32
1071,Moises Arias,,Adventure,0,32
1072,Nick Offerman,,Comedy,0,32
1075,William Fichtner,,Action,0,32
1082,Keanu Reeves,,Crime,0,32
1083,Alfie Allen,,Action,0,32
1086,Tyler Perry,,Crime,0,32
1090,Theo James,,Adventure,0,32
1111,Michael Keaton,,Drama,0,32
1116,Joseph Fiennes,,Action,0,32
1117,Marton Csokas,,Crime,0,32
1145,Will Arnett,,Action,0,32
1153,Ryan Potter,,Animation,0,32
1154,Scott Adsit,,Animation,0,32
1155,Jamie Chung,,Animation,0,32
1179,Randall Park,,Comedy,0,32
1195,Noel Fisher,,Action,0,32
1204,Michiel Huisman,,Drama,0,32
1223,Ed Oxenbould,,Comedy,0,32
1224,Dylan Minnette,,Comedy,0,32
1231,Jake Johnson,,Comedy,0,32
1232,Damon Wayans Jr.,,Comedy,0,32
1233,Rob Riggle,,Comedy,0,32
1234,Nina Dobrev,,Comedy,0,32
1239,Adam Pally,,Adventure,0,32
1240,Thomas Middleditch,,Adventure,0,32
1241,Shannon Woodward,,Adventure,0,32
1259,Katie Holmes,,Biography,0,32
1288,Ana de Armas,,Drama,0,32
1289,Olivia DeJonge,,Comedy,0,32
1290,Deanna Dunagan,,Comedy,0,32
1291,Peter McRobbie,,Comedy,0,32
1305,Peter Dinklage,,Comedy,0,32
1308,Kathy Baker,,Drama,0,32
1309,Sanjeev Bhaskar,,Comedy,0,32
1310,Pierre Coffin,,Animation,0,32
1311,Emayatzy Corinealdi,,Drama,0,32
1312,Tammy Blanchard,,Drama,0,32
1323,Odeya Rush,,Adventure,0,32
1324,Ryan Lee,,Adventure,0,32
1328,Adrian Martinez,,Drama,0,32
1348,Linda Cardellini,,Comedy,0,32
1353,Shameik Moore,,Comedy,0,32
1354,Tony Revolori,,Drama,0,32
1355,Kiersey Clemons,,Comedy,0,32
1356,Kimberly Elise,,Comedy,0,32
1385,Natalie Martinez,,Action,0,32
1413,RJ Cyler,,Comedy,0,32
1414,Olivia Cooke,,Comedy,0,32
1430,Tian Jing,,Action,0,32
1431,Andy Lau,,Action,0,32
1463,Morena Baccarin,,Action,0,32
1464,Ed Skrein,,Action,0,32
1478,John Carroll Lynch,,Biography,0,32
1479,Gabriel Chavarria,,Drama,0,32
1480,Theo Rossi,,Drama,0,32
1486,Tobias Menzies,,Action,0,32
1487,Lara Pulver,,Action,0,32
1489,Daniel Zovatto,,Crime,0,32
1492,Laura Linney,,Biography,0,32
1507,Kate McKinnon,,Action,0,32
1508,Leslie Jones,,Action,0,32
1547,Ellen DeGeneres,,Animation,0,32
1548,Ed O'Neill,,Animation,0,32
1549,Kaitlin Olson,,Animation,0,32
1562,Oscar Jaenada,,Drama,0,32
1563,Angelo Josue Lozano Corzo,,Drama,0,32
1564,Brett Cullen,,Drama,0,32
1574,Morgan Saylor,,Drama,0,32
1575,Brian Marc,,Drama,0,32
1623,Lucas Till,,Action,0,32
1624,Barry Pepper,,Action,0,32
1629,Sasha Lane,,Drama,0,32
1630,Riley Keough,,Drama,0,32
1631,McCaul Lombardi,,Drama,0,32
1635,Mel Raido,,Drama,0,32
1636,Duncan Joiner,,Drama,0,32
1642,Lior Ashkenazi,,Drama,0,32
1653,Isla Fisher,,Action,0,32
1654,Gal Gadot,,Action,0,32
1655,Ross Kimball,,Action,0,32
1673,Jessie Ok Gray,,Drama,0,32
1674,Cary Joji Fukunaga,,Drama,0,32
1691,Jon Voight,,Drama,0,32
1692,Lia Marie Johnson,,Drama,0,32
1733,Logan Paul,,Thriller,0,32
1734,Peyton List,,Thriller,0,32
1735,Calum Worthy,,Thriller,0,32
1774,Kati Outinen,,Crime,0,32
1780,Elisabeth Moss,,Biography,0,32
1833,Chloe Sevigny,,Comedy,0,32
1834,Emma Greenwell,,Comedy,0,32
1857,Ella Anderson,,Comedy,0,32
1919,Christopher McDonald,,Crime,0,32
1920,Mira Sorvino,,Crime,0,32
1060,Emily Baldoni,,Mystery,33,33
1061,Maury Sterling,,Mystery,33,33
1062,Nicholas Brendon,,Mystery,33,33
1063,Elizabeth Gracen,,Mystery,33,33
1174,Anne Dorval,,Drama,34,34
1175,Antoine-Olivier Pilon,,Drama,34,34
1176,Suzanne Clement,,Drama,34,34
1177,Patrick Huard,,Drama,34,34
1180,Heather Sossaman,,Drama,35,35
1181,Matthew Bohrer,,Drama,35,35
1182,Courtney Halverson,,Drama,35,35
1183,Shelley Hennig,,Drama,35,35
1184,Dario Grandinetti,,Comedy,36,36
1185,Maria Marull,,Comedy,36,36
1186,MOnica Villa,,Comedy,36,36
1187,Rita Cortese,,Comedy,36,36
1242,Prabhas,,Action,37,37
1243,Rana Daggubati,,Action,37,37
1244,Anushka Shetty,,Action,37,37
1245,Tamannaah Bhatia,,Action,37,37
1284,O'Shea Jackson Jr.,,Biography,38,38
1285,Corey Hawkins,,Biography,38,38
1286,Jason Mitchell,,Biography,38,38
1287,Neil Brown Jr.,,Biography,38,38
1349,Matt Vael,,Crime,39,39
1350,Simon Cotton,,Crime,39,39
1351,Kevin Leslie,,Crime,39,39
1352,Olivia Moyles,,Crime,39,39
1388,Munro Chambers,,Action,40,40
1389,Laurence Leboeuf,,Action,40,40
1390,Michael Ironside,,Action,40,40
1391,Edwin Wright,,Action,40,40
1396,Rolf Lassgard,,Comedy,41,41
1397,Bahar Pars,,Comedy,41,41
1398,Filip Berg,,Comedy,41,41
1399,Ida Engvoll,,Comedy,41,41
1447,Emma Booth,,Crime,42,42
1448,Ashleigh Cummings,,Crime,42,42
1449,Stephen Curry,,Crime,42,42
1450,Susie Porter,,Crime,42,42
1453,Fiona Gordon,,Comedy,43,43
1454,Dominique Abel,,Comedy,43,43
1455,Emmanuelle Riva,,Comedy,43,43
1456,Pierre Richard,,Comedy,43,43
1457,Jocelin Donahue,,Horror,44,44
1458,Jesse Bradford,,Horror,44,44
1459,Jesse Borrego,,Horror,44,44
1460,Lori Petty,,Horror,44,44
1474,Brittany Blanton,,Horror,45,45
1475,Ayse Howard,,Horror,45,45
1476,Roman Jossart,,Horror,45,45
1477,Nadia White,,Horror,45,45
1521,Aaron Poole,,Horror,47,46
1522,Kenneth Welsh,,Horror,47,46
1523,Daniel Fathers,,Horror,47,46
1524,Kathleen Munroe,,Horror,47,46
1528,Mario Casas,,Crime,48,47
1529,Ana Wagener,,Crime,48,47
1530,Jose Coronado,,Crime,48,47
1531,Barbara Lennie,,Crime,48,47
1536,Eve Lindley,,Drama,49,48
1537,Richard Kind,,Drama,49,48
1538,Mark Consuelos,,Drama,49,48
1539,Katherine Reis,,Drama,49,48
1552,Scott Adkins,,Action,50,49
1553,Teodora Duhovnikova,,Action,50,49
1554,Alon Aboutboul,,Action,50,49
1555,Julian Vergov,,Action,50,49
1566,Min-hee Kim,,Drama,51,50
1567,Jung-woo Ha,,Drama,51,50
1568,Jin-woong Jo,,Drama,51,50
1569,So-ri Moon,,Drama,51,50
1582,Graham Skipper,,Adventure,52,51
1583,Chase Williamson,,Adventure,52,51
1584,Brea Grant,,Adventure,52,51
1585,Barbara Crampton,,Adventure,52,51
1593,Taraneh Alidoosti,,Drama,53,52
1594,Shahab Hosseini,,Drama,53,52
1595,Babak Karimi,,Drama,53,52
1596,Farid Sajjadi Hosseini,,Drama,53,52
1601,Erika Linder,,Drama,54,53
1602,Natalie Krill,,Drama,54,53
1603,Sebastian Pigott,,Drama,54,53
1604,Mayko Nguyen,,Drama,54,53
1625,Mark Huberman,,Drama,55,54
1626,Susan Loughnane,,Drama,55,54
1627,Steve Oram,,Drama,55,54
1628,Catherine Walker,,Drama,55,54
1643,Sarah Hyland,,Horror,56,55
1644,Steven Krueger,,Horror,56,55
1645,Justin Chon,,Horror,56,55
1646,Clara Mamet,,Horror,56,55
1675,Luke Treadaway,,Biography,57,56
1676,Bob the Cat,,Biography,57,56
1677,Ruta Gedmintas,,Biography,57,56
1678,Joanne Froggatt,,Biography,57,56
1682,Alexi Pappas,,Drama,58,57
1683,Chase Offerle,,Drama,58,57
1684,Rachel Dratch,,Drama,58,57
1685,Andy Buckley,,Drama,58,57
1687,Florence Pugh,,Drama,59,58
1688,Christopher Fairbank,,Drama,59,58
1689,Cosmo Jarvis,,Drama,59,58
1690,Naomi Ackie,,Drama,59,58
1694,Jacob Latimore,,Action,60,59
1695,Seychelle Gabriel,,Action,60,59
1696,Dule Hill,,Action,60,59
1697,Storm Reid,,Action,60,59
1721,Frank Grillo,,Action,64,60
1722,Elizabeth Mitchell,,Action,64,60
1723,Mykelti Williamson,,Action,64,60
1724,Joseph Julian Soria,,Action,64,60
1725,Marilyn Manson,,Action,65,61
1726,Mark Boone Junior,,Action,65,61
1727,Sam Quartin,,Action,65,61
1728,Niko Nicotera,,Action,65,61
1729,Alex Karpovsky,,Comedy,66,62
1730,Wyatt Russell,,Comedy,66,62
1731,Meredith Hagner,,Comedy,66,62
1732,Melanie Lynskey,,Comedy,66,62
1738,Lauren Cohan,,Horror,67,63
1739,Rupert Evans,,Horror,67,63
1740,James Russell,,Horror,67,63
1741,Jim Norton,,Horror,67,63
1744,Dominic Monaghan,,Horror,68,64
1745,Ksenia Solo,,Horror,68,64
1746,Jennette McCurdy,,Horror,68,64
1747,Da'Vone McDonald,,Horror,68,64
1750,Giuseppe Battiston,,Comedy,69,65
1751,Anna Foglietta,,Comedy,69,65
1752,Marco Giallini,,Comedy,69,65
1753,Edoardo Leo,,Comedy,69,65
1761,Anton Adasinsky,,Action,70,66
1762,Aleksandr Armer,,Action,70,66
1763,Vilen Babichev,,Action,70,66
1764,Rostislav Bershauer,,Action,70,66
1765,Billy Magnussen,,Action,71,67
1766,Terry Chen,,Action,71,67
1767,Teresa Navarro,,Action,71,67
1768,Vanessa Ross,,Action,71,67
652,Connor Paolo,,Horror,24,68
653,Nick Damici,,Horror,24,68
654,Kelly McGillis,,Drama,24,68
655,Gregory Jones,,Drama,24,68
1671,Laura Abramsen,,Action,24,68
1672,A.C. Peterson,,Action,24,68
1769,Alycia Debnam-Carey,,Horror,24,68
1770,William Moseley,,Horror,24,68
1771,Brit Morgan,,Horror,24,68
1703,Keegan-Michael Key,,Comedy,61,69
1704,Jordan Peele,,Action,61,69
1705,Tiffany Haddish,,Action,61,69
1706,Method Man,,Action,61,69
1777,Gillian Jacobs,,Comedy,61,69
1778,Mike Birbiglia,,Comedy,61,69
1779,Chris Gethard,,Comedy,61,69
1888,Callum Turner,,Comedy,61,69
1889,Grace Van Patten,,Comedy,61,69
1890,Michal Vondel,,Comedy,61,69
1781,Dave Johns,,Drama,72,70
1782,Hayley Squires,,Drama,72,70
1783,Sharon Percy,,Drama,72,70
1784,Briana Shann,,Drama,72,70
1800,Sandra Huller,,Comedy,73,71
1801,Peter Simonischek,,Comedy,73,71
1802,Michael Wittenborn,,Comedy,73,71
1803,Thomas Loibl,,Comedy,73,71
1805,Paul Sidhu,,Sci-Fi,74,72
1806,Branden Coles,,Sci-Fi,74,72
1807,Arielle Holmes,,Sci-Fi,74,72
1808,Kelcey Watson,,Sci-Fi,74,72
1809,Lyndsy Fonseca,,Comedy,75,73
1810,Michael Doneger,,Comedy,75,73
1811,Tommy Dewey,,Comedy,75,73
1812,Bruce Campbell,,Comedy,75,73
1820,Dan Crisafulli,,Fantasy,76,74
1821,Kay Whitney,,Fantasy,76,74
1822,Richard Garcia,,Fantasy,76,74
1823,Pat Cashman,,Fantasy,76,74
1707,Tim Pigott-Smith,,Comedy,62,75
1708,Naomi Battrick,,Comedy,62,75
1709,Ellie Kendrick,,Comedy,62,75
1710,James Cosmo,,Comedy,62,75
1826,David Troughton,,Drama,62,75
1827,Jack Holden,,Drama,62,75
1828,Joe Blakemore,,Drama,62,75
1714,Isabelle Huppert,,Drama,63,76
1715,Laurent Lafitte,,Crime,63,76
1716,Anne Consigny,,Crime,63,76
1717,Charles Berling,,Crime,63,76
1829,Andre Marcon,,Drama,63,76
1830,Roman Kolinka,,Drama,63,76
1831,Edith Scob,,Drama,63,76
1835,Alia Bhatt,,Drama,77,77
1836,Shah Rukh Khan,,Drama,77,77
1837,Kunal Kapoor,,Drama,77,77
1838,Priyanka Moodley,,Drama,77,77
1839,Wesley Elder,,Comedy,78,78
1840,Christina Grimmie,,Comedy,78,78
1841,Osric Chau,,Comedy,78,78
1842,Olan Rogers,,Comedy,78,78
1847,Emmanuel Garijo,,Animation,79,79
1848,Tom Hudson,,Animation,79,79
1849,Baptiste Goy,,Animation,79,79
1850,Axel Devillers,,Animation,79,79
1851,James Allen McCune,,Horror,80,80
1852,Callie Hernandez,,Horror,80,80
1853,Corbin Reid,,Horror,80,80
1854,Brandon Scott,,Horror,80,80
1860,Brian White,,Thriller,81,81
1861,Karrueche Tran,,Thriller,81,81
1862,Angelique Pereira,,Thriller,81,81
1863,Jessica Vanessa DeLeon,,Thriller,81,81
1869,Tatiana Pauhofova,,Biography,82,82
1870,Karl Markovics,,Biography,82,82
1871,Gedeon Burkhard,,Biography,82,82
1872,Simona Stasova,,Biography,82,82
1875,Larenz Tate,,Drama,83,83
1876,Meagan Good,,Drama,83,83
1877,Rotimi,,Drama,83,83
1878,Rick Gonzalez,,Drama,83,83
1880,Malcolm McDowell,,Horror,84,84
1881,Richard Brake,,Horror,84,84
1882,Jeff Daniel Phillips,,Horror,84,84
1883,Sheri Moon Zombie,,Horror,84,84
1884,Maddy Curley,,Comedy,85,85
1885,John DeLuca,,Comedy,85,85
1886,Nikki SooHoo,,Comedy,85,85
1887,Drew Seeley,,Comedy,85,85
1895,Gaspard Schlatter,,Animation,86,86
1896,Sixtine Murat,,Animation,86,86
1897,Paulin Jaccoud,,Animation,86,86
1898,Michel Vuillermoz,,Animation,86,86
836,Nicholas D'Agosto,,Horror,30,87
837,Emma Bell,,Horror,30,87
838,Arlen Escarpeta,,Horror,30,87
839,Miles Fisher,,Horror,30,87
1906,Katie Cassidy,,Horror,30,87
1907,Elizabeth Henstridge,,Horror,30,87
1908,Adam Campbell,,Horror,30,87
1915,Adrian Titieni,,Crime,87,88
1916,Maria-Victoria Dragus,,Crime,87,88
1917,Lia Bugnar,,Crime,87,88
1918,Malina Manovici,,Crime,87,88
1517,Ryunosuke Kamiki,,Animation,46,89
1518,Mone Kamishiraishi,,Animation,46,89
1519,Ryo Narita,,Animation,46,89
1520,Aoi Yuki,,Animation,46,89
1928,Miyu Irino,,Animation,46,89
1929,Saori Hayami,,Animation,46,89
1930,Kensho Ono,,Animation,46,89
1934,Hiroki Hasegawa,,Action,88,90
1935,Yutaka Takenouchi,,Action,88,90
1936,Satomi Ishihara,,Action,88,90
1937,Ren osugi,,Action,88,90
1938,Dylan Duffus,,Crime,89,91
1939,Scorcher,,Crime,89,91
1940,Shone Romulus,,Crime,89,91
1941,Jade Asha,,Crime,89,91
1943,Jun Kunimura,,Drama,90,92
1944,Jung-min Hwang,,Drama,90,92
1945,Do-won Kwak,,Drama,90,92
1946,Woo-hee Chun,,Drama,90,92
1952,Samantha Robinson,,Comedy,91,93
1953,Jeffrey Vincent Parise,,Comedy,91,93
1954,Laura Waddell,,Comedy,91,93
1955,Gian Keys,,Comedy,91,93
1958,Garrett Clayton,,Crime,92,94
1959,Christian Slater,,Crime,92,94
1960,Molly Ringwald,,Crime,92,94
1961,James Kelley,,Crime,92,94
1962,Jahking Guillory,,Adventure,93,95
1963,Christopher Jordan Wallace,,Adventure,93,95
1964,Christopher Meyer,,Adventure,93,95
1965,Kofi Siriboe,,Adventure,93,95
906,Jason Biggs,,Comedy,32,96
907,Alyson Hannigan,,Comedy,32,96
908,Seann William Scott,,Comedy,32,96
909,Chris Klein,,Comedy,32,96
1975,Janet Montgomery,,Comedy,32,96
1976,Ashley Tisdale,,Comedy,32,96
1977,Bria L. Murphy,,Comedy,32,96
750,Francois Cluzet,,Biography,27,97
751,Omar Sy,,Comedy,27,97
752,Anne Le Ny,,Biography,27,97
753,Audrey Fleurot,,Biography,27,97
1982,Clemence Poesy,,Comedy,27,97
1983,Antoine Bertrand,,Comedy,27,97
1984,Ashley Walters,,Comedy,27,97
